{
  "lang":"ru",
  "name":"pipeline",
  "version":"0.0.0",
  "spacy_version":">=3.7.2,<3.8.0",
  "description":"",
  "author":"",
  "email":"",
  "url":"",
  "license":"",
  "spacy_git_version":"a89eae928",
  "vectors":{
    "width":0,
    "vectors":0,
    "keys":0,
    "name":null,
    "mode":"default"
  },
  "labels":{
    "tok2vec":[

    ],
    "ner":[
      "Brand",
      "Date",
      "Episode",
      "Game",
      "League",
      "Location",
      "Model",
      "Organization",
      "Person",
      "Project name",
      "Season",
      "Sport",
      "Team"
    ]
  },
  "pipeline":[
    "tok2vec",
    "ner"
  ],
  "components":[
    "tok2vec",
    "ner"
  ],
  "disabled":[

  ],
  "performance":{
    "ents_f":0.9174493176,
    "ents_p":0.9306591848,
    "ents_r":0.9046092064,
    "ents_per_type":{
      "Location":{
        "p":0.9423015108,
        "r":0.9609900016,
        "f":0.9515540047
      },
      "Date":{
        "p":0.9292593823,
        "r":0.9197896121,
        "f":0.9245002478
      },
      "Project name":{
        "p":0.909454622,
        "r":0.8560951437,
        "f":0.8819685522
      },
      "Person":{
        "p":0.9598631928,
        "r":0.9563038685,
        "f":0.9580802249
      },
      "Team":{
        "p":0.9532428356,
        "r":0.9546827795,
        "f":0.9539622642
      },
      "Sport":{
        "p":0.8047808765,
        "r":0.9417249417,
        "f":0.8678839957
      },
      "Brand":{
        "p":0.9764309764,
        "r":0.8473338203,
        "f":0.9073132577
      },
      "Organization":{
        "p":0.9076286765,
        "r":0.7109431246,
        "f":0.7973354865
      },
      "League":{
        "p":0.6875,
        "r":0.8262910798,
        "f":0.750533049
      },
      "Model":{
        "p":0.9569990851,
        "r":0.9766573296,
        "f":0.966728281
      },
      "Game":{
        "p":0.9074702886,
        "r":0.8627925747,
        "f":0.8845676458
      },
      "Episode":{
        "p":0.9050715215,
        "r":0.8355342137,
        "f":0.8689138577
      },
      "Season":{
        "p":0.7651162791,
        "r":0.8329113924,
        "f":0.7975757576
      }
    },
    "tok2vec_loss":7829.3584689628,
    "ner_loss":4733.224506516
  }
}