{
  "lang":"ru",
  "name":"pipeline",
  "version":"0.0.0",
  "spacy_version":">=3.7.2,<3.8.0",
  "description":"",
  "author":"",
  "email":"",
  "url":"",
  "license":"",
  "spacy_git_version":"a89eae928",
  "vectors":{
    "width":0,
    "vectors":0,
    "keys":0,
    "name":null,
    "mode":"default"
  },
  "labels":{
    "tok2vec":[

    ],
    "ner":[
      "Brand",
      "Date",
      "Episode",
      "Game",
      "League",
      "Location",
      "Model",
      "Organization",
      "Person",
      "Project name",
      "Season",
      "Sport",
      "Team"
    ]
  },
  "pipeline":[
    "tok2vec",
    "ner"
  ],
  "components":[
    "tok2vec",
    "ner"
  ],
  "disabled":[

  ],
  "performance":{
    "ents_f":0.9236329257,
    "ents_p":0.9402359516,
    "ents_r":0.9076060897,
    "ents_per_type":{
      "Project name":{
        "p":0.9219888556,
        "r":0.8527254708,
        "f":0.8860055607
      },
      "Date":{
        "p":0.8923267327,
        "r":0.9480604865,
        "f":0.9193496972
      },
      "Location":{
        "p":0.9453788243,
        "r":0.9673823963,
        "f":0.9562540506
      },
      "Person":{
        "p":0.9611533841,
        "r":0.9621166566,
        "f":0.9616347791
      },
      "Team":{
        "p":0.9441176471,
        "r":0.9697885196,
        "f":0.956780924
      },
      "Sport":{
        "p":0.9316455696,
        "r":0.8578088578,
        "f":0.8932038835
      },
      "Brand":{
        "p":0.962601626,
        "r":0.8648648649,
        "f":0.9111196614
      },
      "Organization":{
        "p":0.9656410256,
        "r":0.6778257739,
        "f":0.7965313029
      },
      "League":{
        "p":0.9440993789,
        "r":0.7136150235,
        "f":0.8128342246
      },
      "Model":{
        "p":0.9736842105,
        "r":0.9673202614,
        "f":0.9704918033
      },
      "Game":{
        "p":0.896523848,
        "r":0.8950766747,
        "f":0.8957996769
      },
      "Episode":{
        "p":0.8973429952,
        "r":0.8919567827,
        "f":0.8946417821
      },
      "Season":{
        "p":0.8746666667,
        "r":0.8303797468,
        "f":0.8519480519
      }
    },
    "tok2vec_loss":7609.1059155322,
    "ner_loss":4422.683505993
  }
}