{
  "lang":"ru",
  "name":"pipeline",
  "version":"0.0.0",
  "spacy_version":">=3.7.2,<3.8.0",
  "description":"",
  "author":"",
  "email":"",
  "url":"",
  "license":"",
  "spacy_git_version":"a89eae928",
  "vectors":{
    "width":0,
    "vectors":0,
    "keys":0,
    "name":null,
    "mode":"default"
  },
  "labels":{
    "tok2vec":[

    ],
    "ner":[
      "Brand",
      "Date",
      "Episode",
      "Game",
      "League",
      "Location",
      "Model",
      "Organization",
      "Person",
      "Project name",
      "Season",
      "Sport",
      "Team"
    ]
  },
  "pipeline":[
    "tok2vec",
    "ner"
  ],
  "components":[
    "tok2vec",
    "ner"
  ],
  "disabled":[

  ],
  "performance":{
    "ents_f":0.9227123147,
    "ents_p":0.9295881745,
    "ents_r":0.9159374251,
    "ents_per_type":{
      "Project name":{
        "p":0.8488674341,
        "r":0.9062438057,
        "f":0.8766177739
      },
      "Date":{
        "p":0.9462975317,
        "r":0.9326101249,
        "f":0.9394039735
      },
      "Location":{
        "p":0.9575925624,
        "r":0.9623012621,
        "f":0.959941138
      },
      "Person":{
        "p":0.966070703,
        "r":0.953096813,
        "f":0.9595399052
      },
      "Team":{
        "p":0.9708588957,
        "r":0.9561933535,
        "f":0.9634703196
      },
      "Sport":{
        "p":0.8815789474,
        "r":0.9370629371,
        "f":0.9084745763
      },
      "Brand":{
        "p":0.9479166667,
        "r":0.8641344047,
        "f":0.9040886511
      },
      "Organization":{
        "p":0.918931368,
        "r":0.7181425486,
        "f":0.8062234795
      },
      "League":{
        "p":0.8511166253,
        "r":0.8051643192,
        "f":0.8275030157
      },
      "Model":{
        "p":0.9746001881,
        "r":0.9673202614,
        "f":0.9709465792
      },
      "Game":{
        "p":0.8817292007,
        "r":0.8724778047,
        "f":0.8770791075
      },
      "Episode":{
        "p":0.8484187568,
        "r":0.9339735894,
        "f":0.8891428571
      },
      "Season":{
        "p":0.8407310705,
        "r":0.8151898734,
        "f":0.8277634961
      }
    },
    "tok2vec_loss":8701.7448536629,
    "ner_loss":4396.3384952582
  }
}